{
   "id": {
      "time": "2019-12-10 09:56:23", 
      "temp": 22.602095438539983, 
      "pres": 1002.9339449119294, 
      "hum": 42.97174869929635
   }
}