{
   "id1": {
      "hum": 52.9647452132584, 
      "pres": 992.4814176056384, 
      "temp": 18.169961451092966, 
      "time": "2019-09-26 15:19:57"
   }
}